filename,right_place,prediction_string
0.jpg,0,0 0.894389 0.428531 0.109503 0.208710 0.200126
1.jpg,0,1 0.905228 0.351301 0.500090 0.525243 0.958017
10.jpg,0,-
100.jpg,0,1 0.905953 0.500398 0.549735 0.998941 0.900081
101.jpg,0,1 0.904297 0.263718 0.644881 0.527239 0.708128
102.jpg,0,-
103.jpg,0,0 0.898358 0.628018 0.160377 0.742973 0.320755
104.jpg,1,0 0.881320 0.497428 0.105763 0.119162 0.107149 1 0.822565 0.476290 0.181166 0.244303 0.338889
105.jpg,0,-
106.jpg,0,0 0.892807 0.608577 0.061746 0.360103 0.123346
107.jpg,0,1 0.897845 0.775059 0.799813 0.337908 0.204809 0 0.691261 0.719766 0.249069 0.094173 0.233901 0 0.684260 0.066707 0.156160 0.059728 0.122520 0 0.623238 0.316367 0.305503 0.047607 0.125838 0 0.360154 0.029159 0.388987 0.033985 0.102109
108.jpg,0,-
109.jpg,1,1 0.882471 0.499501 0.543987 0.998987 0.905367 0 0.864274 0.477299 0.530683 0.773039 0.528083
11.jpg,0,0 0.897023 0.536280 0.334917 0.423293 0.530705
110.jpg,1,1 0.885292 0.409115 0.339963 0.817433 0.577755 1 0.811728 0.743187 0.785270 0.510652 0.427850 0 0.766574 0.390405 0.410841 0.434774 0.337479
111.jpg,1,1 0.898429 0.355697 0.500389 0.700108 0.998297 0 0.848225 0.398468 0.207954 0.214865 0.194647 0 0.787818 0.607214 0.217261 0.046669 0.047075 0 0.496831 0.925837 0.245768 0.035703 0.036225 0 0.368888 0.050755 0.165362 0.100636 0.091931
112.jpg,0,0 0.447128 0.796142 0.085528 0.406008 0.170979
113.jpg,0,0 0.902798 0.551384 0.230570 0.383770 0.406343 0 0.889859 0.228923 0.578418 0.417581 0.463514 0 0.888075 0.205915 0.075267 0.260288 0.150534
114.jpg,0,0 0.893010 0.428359 0.047172 0.325998 0.094300
115.jpg,0,-
116.jpg,0,0 0.903256 0.505739 0.157840 0.167498 0.216150
117.jpg,1,1 0.901051 0.222536 0.413067 0.261806 0.660918 0 0.850728 0.274961 0.289000 0.142393 0.196880
118.jpg,0,0 0.882591 0.424186 0.234473 0.049436 0.100427 0 0.881062 0.566472 0.220008 0.051944 0.101997 0 0.879711 0.072740 0.306113 0.017709 0.042131 0 0.841617 0.285050 0.279659 0.019496 0.050908 1 0.835875 0.613336 0.576963 0.071076 0.358183 0 0.706151 0.504608 0.311645 0.018812 0.030890 0 0.421277 0.002927 0.302807 0.005781 0.035969
119.jpg,1,1 0.903234 0.270231 0.426738 0.311562 0.740624 0 0.883581 0.347566 0.252957 0.132039 0.172650
12.jpg,0,1 0.899423 0.502324 0.548983 0.994165 0.901417
120.jpg,0,1 0.903464 0.265684 0.709691 0.529940 0.578257 0 0.899905 0.520724 0.359492 0.355598 0.366343
121.jpg,0,0 0.906442 0.489657 0.157377 0.294944 0.193614
122.jpg,0,0 0.885451 0.638578 0.117087 0.249263 0.226623
123.jpg,0,0 0.897336 0.766999 0.181550 0.465262 0.341466
124.jpg,0,0 0.890606 0.363308 0.087637 0.091294 0.127642 0 0.815777 0.529631 0.316607 0.027902 0.034995 0 0.782928 0.990636 0.367579 0.018698 0.044515
125.jpg,0,0 0.905129 0.493092 0.269126 0.271943 0.401670
126.jpg,0,0 0.906369 0.499193 0.409003 0.449797 0.579057
127.jpg,1,0 0.897929 0.533054 0.223936 0.270009 0.218641 1 0.021797 0.513046 0.226659 0.451194 0.375929
128.jpg,1,1 0.892948 0.312448 0.435544 0.328525 0.663830 0 0.891210 0.399075 0.290591 0.135767 0.239096
129.jpg,0,1 0.901201 0.660528 0.462664 0.678863 0.506888
13.jpg,0,-
130.jpg,0,-
131.jpg,0,-
132.jpg,1,1 0.901122 0.609186 0.524020 0.582275 0.944435 0 0.889973 0.554453 0.354457 0.305484 0.331729
133.jpg,0,0 0.904754 0.484931 0.315131 0.194271 0.383765 0 0.877405 0.275165 0.362071 0.063713 0.097347 0 0.867604 0.076396 0.348090 0.089671 0.109656
134.jpg,0,0 0.884995 0.676829 0.276882 0.158388 0.369710 1 0.883479 0.738098 0.529816 0.319794 0.366172
135.jpg,1,0 0.878889 0.581266 0.430084 0.103423 0.147237 0 0.876709 0.387399 0.397928 0.103309 0.131531 1 0.836568 0.477553 0.446437 0.443377 0.440153 1 0.368298 0.611419 0.465728 0.174943 0.382676
136.jpg,0,0 0.889065 0.320576 0.056960 0.374149 0.113724
137.jpg,0,-
138.jpg,0,0 0.906277 0.515171 0.362457 0.395479 0.520388
139.jpg,0,1 0.903960 0.280038 0.669081 0.557541 0.661054
14.jpg,0,-
140.jpg,1,0 0.899173 0.606453 0.272180 0.206706 0.276083 0 0.892182 0.075562 0.311446 0.150171 0.310095 0 0.866703 0.327722 0.473181 0.267772 0.387626 1 0.748655 0.303502 0.412596 0.407888 0.639825 0 0.417564 0.497982 0.053567 0.118323 0.107074 1 0.220301 0.895884 0.276260 0.206703 0.548389
141.jpg,0,1 0.895876 0.388610 0.409464 0.777219 0.415354
142.jpg,0,0 0.891405 0.405789 0.393308 0.451079 0.672882 0 0.861274 0.093535 0.277019 0.186584 0.553593 0 0.779383 0.789258 0.226082 0.284142 0.452165
143.jpg,0,0 0.905072 0.500952 0.226663 0.427246 0.332536 0 0.897252 0.550092 0.844858 0.488997 0.308852 0 0.349747 0.759461 0.019509 0.231515 0.039017
144.jpg,0,0 0.899826 0.485408 0.161329 0.218346 0.213811
145.jpg,0,-
146.jpg,0,1 0.901671 0.507784 0.497960 0.827901 0.962572
147.jpg,0,-
148.jpg,0,0 0.904738 0.628915 0.125532 0.445164 0.250595
149.jpg,0,-
15.jpg,0,1 0.893779 0.504169 0.506814 0.890754 0.653072
150.jpg,0,-
151.jpg,0,-
152.jpg,0,-
153.jpg,0,-
154.jpg,1,1 0.905096 0.497249 0.520842 0.993822 0.952346 0 0.889142 0.487020 0.267674 0.368602 0.288356
155.jpg,0,1 0.908786 0.399514 0.663163 0.698587 0.671603
156.jpg,1,1 0.893386 0.576776 0.324859 0.635982 0.400163 0 0.883072 0.539591 0.304620 0.280520 0.190619
157.jpg,0,0 0.866893 0.306374 0.262253 0.125081 0.380977 1 0.582084 0.121057 0.816391 0.130723 0.365900
158.jpg,1,1 0.903298 0.296459 0.412835 0.420130 0.445524 0 0.869940 0.391826 0.291452 0.171460 0.100752
159.jpg,0,1 0.777844 0.499542 0.499384 0.999085 0.998768
16.jpg,0,0 0.905999 0.479088 0.231442 0.280889 0.384501
160.jpg,0,0 0.904403 0.493129 0.331554 0.398367 0.547027
161.jpg,0,-
162.jpg,0,1 0.898470 0.596673 0.597918 0.806238 0.485576
163.jpg,1,1 0.897704 0.730909 0.452377 0.386535 0.899060 0 0.891651 0.613432 0.196498 0.144030 0.249783
164.jpg,0,0 0.903412 0.416425 0.098170 0.127912 0.111705
165.jpg,0,-
166.jpg,0,-
167.jpg,0,1 0.901881 0.416679 0.649186 0.626199 0.666981
168.jpg,0,0 0.906944 0.490642 0.256088 0.272499 0.324410
169.jpg,0,1 0.893273 0.520669 0.534469 0.909466 0.929325
17.jpg,0,0 0.903851 0.518849 0.245201 0.229090 0.313600
170.jpg,0,0 0.897234 0.497790 0.093037 0.101440 0.141302
171.jpg,0,1 0.906259 0.207783 0.539339 0.413214 0.890863
172.jpg,0,-
173.jpg,0,0 0.904355 0.492869 0.261656 0.240902 0.311034
174.jpg,0,1 0.903077 0.558885 0.395615 0.882230 0.791231
175.jpg,0,0 0.854682 0.358340 0.169314 0.359840 0.183080
176.jpg,0,0 0.897762 0.505721 0.090778 0.104580 0.138256
177.jpg,0,1 0.904923 0.546522 0.401962 0.716593 0.324938
178.jpg,1,0 0.886106 0.677219 0.275930 0.177577 0.261003 1 0.883644 0.779249 0.364791 0.421947 0.727613 1 0.278855 0.869333 0.485460 0.241227 0.482081
179.jpg,1,1 0.903465 0.438404 0.543918 0.444765 0.905448 0 0.888935 0.504137 0.347814 0.221177 0.288229
18.jpg,0,0 0.888560 0.439253 0.079993 0.345598 0.159985
180.jpg,0,0 0.904764 0.507993 0.240200 0.259599 0.326823
181.jpg,0,-
182.jpg,0,-
183.jpg,0,1 0.905838 0.768898 0.498162 0.461538 0.994842
184.jpg,0,0 0.906149 0.585832 0.209166 0.185074 0.301640
185.jpg,0,0 0.876080 0.624259 0.400102 0.070446 0.131850 1 0.852123 0.281371 0.537366 0.140510 0.226047 0 0.828647 0.557630 0.291578 0.095283 0.210379
186.jpg,0,0 0.904390 0.490080 0.336852 0.354592 0.478839
187.jpg,1,1 0.899548 0.576563 0.388254 0.832272 0.776509 0 0.894978 0.489561 0.108521 0.458359 0.216945
188.jpg,0,-
189.jpg,0,0 0.906311 0.493189 0.239244 0.260726 0.333807
19.jpg,0,0 0.902618 0.489768 0.152527 0.182887 0.230283
190.jpg,0,-
191.jpg,1,1 0.906758 0.433584 0.631998 0.786236 0.714511
192.jpg,0,-
193.jpg,0,-
194.jpg,0,0 0.903115 0.448864 0.296546 0.088423 0.222898 1 0.889641 0.671922 0.605449 0.150067 0.787888
195.jpg,0,0 0.903820 0.473780 0.192565 0.309821 0.293573
196.jpg,0,0 0.906421 0.444400 0.252886 0.281615 0.361187
197.jpg,0,0 0.879024 0.394253 0.293097 0.124827 0.331050 1 0.873591 0.153876 0.504471 0.270281 0.532000
198.jpg,0,-
199.jpg,0,0 0.899193 0.479786 0.150920 0.172644 0.230056 0 0.840429 0.760100 0.343218 0.035305 0.060490
2.jpg,0,1 0.903471 0.513747 0.312203 0.907626 0.622742
20.jpg,0,-
200.jpg,0,-
201.jpg,0,-
202.jpg,1,1 0.892963 0.592203 0.318723 0.394351 0.447958 0 0.886925 0.591742 0.288070 0.130938 0.189381
203.jpg,0,-
204.jpg,0,-
205.jpg,0,0 0.881813 0.560605 0.134281 0.177062 0.259605 0 0.863426 0.057341 0.119095 0.114260 0.182883
206.jpg,0,0 0.903010 0.505902 0.532438 0.603777 0.807476
207.jpg,0,0 0.886491 0.537502 0.228730 0.242640 0.331365
208.jpg,0,0 0.903754 0.553990 0.255507 0.233335 0.291486
209.jpg,0,0 0.903496 0.491664 0.149342 0.286798 0.286913
21.jpg,1,1 0.895848 0.580797 0.357224 0.435984 0.459720 0 0.835018 0.498765 0.254721 0.208769 0.135955
210.jpg,0,-
211.jpg,0,1 0.904081 0.632584 0.510691 0.720917 0.854063
212.jpg,0,1 0.824037 0.216180 0.555691 0.319322 0.888618
213.jpg,0,0 0.901005 0.488036 0.183480 0.175002 0.224786 0 0.830913 0.692639 0.246243 0.046657 0.086026 0 0.717969 0.040540 0.249914 0.034977 0.044609
214.jpg,0,0 0.892213 0.499621 0.072484 0.100333 0.140965 0 0.866442 0.029472 0.305437 0.030021 0.033276 0 0.444791 0.860393 0.315612 0.021402 0.026896
215.jpg,1,1 0.899289 0.382592 0.335923 0.755862 0.527635 0 0.883865 0.513175 0.243769 0.295680 0.214465
216.jpg,0,-
217.jpg,1,1 0.892644 0.370797 0.548118 0.617833 0.892797 0 0.883698 0.458254 0.389119 0.206543 0.302591
218.jpg,0,-
219.jpg,0,0 0.903855 0.455270 0.075644 0.116142 0.124611
22.jpg,1,0 0.888332 0.493986 0.212576 0.186208 0.189321 1 0.856299 0.430856 0.389242 0.499032 0.713626
220.jpg,0,0 0.904638 0.499274 0.137758 0.289239 0.274790
221.jpg,1,1 0.903539 0.879787 0.610549 0.237312 0.353849 0 0.873195 0.808044 0.619552 0.082953 0.133784 0 0.827220 0.328617 0.516415 0.072073 0.092659 1 0.403528 0.327656 0.539369 0.155809 0.341648
222.jpg,1,1 0.902544 0.476706 0.525372 0.949300 0.941560 0 0.889852 0.481294 0.318425 0.334656 0.318238
223.jpg,0,1 0.902895 0.631474 0.681805 0.736255 0.634923
224.jpg,1,0 0.858435 0.260893 0.541430 0.517032 0.495255 1 0.882272 0.326943 0.394672 0.653886 0.789345
225.jpg,1,0 0.882008 0.687843 0.372254 0.138927 0.194113 1 0.857084 0.735979 0.456337 0.301468 0.476189
226.jpg,0,0 0.899001 0.415731 0.249773 0.181704 0.245225
227.jpg,1,1 0.898868 0.555393 0.284568 0.312564 0.406103 0 0.854352 0.533298 0.193731 0.110994 0.105756
228.jpg,0,1 0.906584 0.322344 0.664042 0.532355 0.670694
229.jpg,0,-
23.jpg,0,-
230.jpg,0,-
231.jpg,0,0 0.897958 0.278241 0.180328 0.556017 0.303700
232.jpg,1,1 0.900879 0.516149 0.329486 0.304305 0.399614 0 0.561631 0.443945 0.216866 0.150926 0.084914
233.jpg,1,1 0.890430 0.529119 0.294901 0.506324 0.487387 0 0.887108 0.469889 0.230138 0.280316 0.170057
234.jpg,1,1 0.902451 0.530326 0.453038 0.594580 0.631883 0 0.895473 0.493930 0.275048 0.267862 0.216300
235.jpg,1,0 0.856905 0.480778 0.198529 0.194046 0.184217 1 0.324317 0.535850 0.339861 0.380616 0.617922
236.jpg,1,1 0.903744 0.617215 0.637687 0.661874 0.719131 0 0.869915 0.467377 0.422413 0.260082 0.178061
237.jpg,0,1 0.907407 0.500094 0.498990 0.999087 0.997981
238.jpg,1,1 0.882961 0.501676 0.630550 0.993798 0.735482
239.jpg,0,0 0.906089 0.493188 0.280810 0.327706 0.447332
24.jpg,0,-
240.jpg,0,0 0.902079 0.502738 0.269767 0.288596 0.385241
241.jpg,0,0 0.903610 0.507795 0.098516 0.421111 0.190914
242.jpg,1,0 0.892468 0.449078 0.318183 0.193422 0.286106 1 0.281557 0.450248 0.493617 0.364500 0.987234
243.jpg,0,0 0.903037 0.492223 0.226013 0.254184 0.235729
244.jpg,0,0 0.904090 0.505431 0.348571 0.360066 0.465715
245.jpg,1,0 0.884882 0.295960 0.254946 0.124271 0.188508 1 0.673632 0.254735 0.339209 0.251031 0.518057
246.jpg,0,0 0.895825 0.452446 0.088813 0.098578 0.149392 0 0.796031 0.120379 0.277129 0.026221 0.030716
247.jpg,1,0 0.806840 0.462629 0.073820 0.195914 0.144983 1 0.343141 0.380024 0.196743 0.610121 0.393053
248.jpg,0,-
249.jpg,0,-
25.jpg,0,0 0.903848 0.476135 0.145707 0.300654 0.228732
250.jpg,0,0 0.905811 0.486304 0.140365 0.274030 0.238906
251.jpg,0,1 0.810003 0.709457 0.683110 0.580274 0.632079
252.jpg,1,0 0.890750 0.525947 0.393824 0.438033 0.485687 1 0.603810 0.414717 0.500263 0.829435 0.999018
253.jpg,0,0 0.903806 0.575098 0.241243 0.242300 0.334301
254.jpg,0,0 0.900778 0.585052 0.186253 0.408484 0.370532 0 0.897631 0.142168 0.150061 0.283602 0.281299 0 0.336532 0.980829 0.119252 0.038143 0.208372
255.jpg,0,-
256.jpg,1,1 0.898885 0.452231 0.399143 0.354623 0.480267 0 0.881012 0.404934 0.286785 0.172178 0.132430
257.jpg,0,0 0.896462 0.609002 0.098389 0.185045 0.190903
258.jpg,0,1 0.855809 0.342848 0.380795 0.685696 0.761179
259.jpg,0,-
26.jpg,0,1 0.906063 0.505783 0.549506 0.963540 0.734184
260.jpg,0,0 0.835265 0.420453 0.144675 0.074426 0.149749 1 0.279889 0.677333 0.739648 0.147725 0.122553
261.jpg,1,0 0.882690 0.496008 0.299633 0.193036 0.142826 1 0.849017 0.544103 0.348688 0.370699 0.437543
262.jpg,0,1 0.905367 0.499914 0.625949 0.999033 0.718541
263.jpg,0,0 0.904302 0.459273 0.286666 0.276843 0.343084
264.jpg,0,-
265.jpg,1,1 0.894790 0.269850 0.369851 0.173652 0.428997 0 0.802849 0.304969 0.342946 0.053952 0.145385
266.jpg,0,0 0.903351 0.467998 0.354574 0.410494 0.596151
267.jpg,1,0 0.893760 0.465712 0.359503 0.196838 0.316509 1 0.888918 0.409008 0.518218 0.537813 0.906712
268.jpg,0,-
269.jpg,1,1 0.904229 0.452169 0.495142 0.902071 0.980618 0 0.847890 0.566737 0.518726 0.476627 0.497243
27.jpg,0,0 0.906200 0.530165 0.409154 0.364213 0.570601
270.jpg,0,-
271.jpg,0,1 0.903425 0.559916 0.522714 0.488104 0.482331
272.jpg,0,-
273.jpg,1,1 0.903322 0.502466 0.674020 0.325204 0.648384 0 0.883655 0.457304 0.480450 0.133971 0.140049
274.jpg,0,0 0.902411 0.503945 0.157326 0.176314 0.235057
275.jpg,0,-
276.jpg,0,-
277.jpg,1,0 0.888956 0.156926 0.441448 0.185548 0.214767 0 0.886840 0.853054 0.450008 0.204736 0.213252 0 0.880866 0.526778 0.404407 0.187618 0.212735 1 0.786019 0.156801 0.357654 0.302165 0.407051 1 0.599022 0.535058 0.369004 0.346232 0.507632 1 0.407588 0.858603 0.349412 0.280410 0.415650 1 0.230009 0.977771 0.627499 0.044458 0.255956
278.jpg,0,0 0.901291 0.462612 0.214379 0.241604 0.351316
279.jpg,0,-
28.jpg,0,1 0.897929 0.500000 0.499263 0.999023 0.998526
280.jpg,0,-
281.jpg,0,0 0.897536 0.560358 0.789226 0.477758 0.416629 0 0.893744 0.497026 0.183994 0.373894 0.317942 0 0.630520 0.073312 0.064194 0.146420 0.128236
282.jpg,0,0 0.903494 0.526241 0.520304 0.576493 0.766393
283.jpg,0,0 0.902722 0.506108 0.278181 0.301964 0.369243
284.jpg,0,0 0.902976 0.516229 0.304737 0.431711 0.423615 0 0.885081 0.143002 0.945257 0.285236 0.109040 0 0.874438 0.722852 0.797088 0.451624 0.405824
285.jpg,1,0 0.882335 0.405080 0.178126 0.170273 0.098948 1 0.866956 0.402541 0.222480 0.330443 0.278929
286.jpg,0,-
287.jpg,0,-
288.jpg,1,1 0.892840 0.487682 0.516596 0.329627 0.962798 0 0.889055 0.443024 0.280712 0.169160 0.232637
289.jpg,1,1 0.906265 0.548933 0.388393 0.418146 0.773009 0 0.887846 0.463830 0.145477 0.136181 0.162728
29.jpg,0,0 0.906307 0.502425 0.422197 0.496026 0.628048
290.jpg,0,1 0.905833 0.470366 0.616929 0.760437 0.361332
291.jpg,0,0 0.904775 0.499341 0.371174 0.395756 0.527362
292.jpg,0,0 0.903960 0.572647 0.437420 0.401989 0.597654
293.jpg,0,0 0.900938 0.477550 0.132869 0.331651 0.262815
294.jpg,0,0 0.904458 0.364622 0.203472 0.236497 0.300054
295.jpg,1,0 0.881186 0.602251 0.332759 0.153275 0.231713 0 0.783242 0.283646 0.225402 0.177552 0.253772 1 0.708716 0.611777 0.412958 0.330893 0.623223 1 0.507672 0.186269 0.390483 0.369467 0.774806
296.jpg,0,-
297.jpg,0,0 0.904846 0.420222 0.269386 0.275475 0.359451
298.jpg,0,0 0.901430 0.638130 0.218156 0.410566 0.383918 0 0.897359 0.757810 0.664415 0.483172 0.469210
299.jpg,0,-
3.jpg,0,0 0.901592 0.407782 0.250787 0.146267 0.176221 1 0.895451 0.841534 0.646934 0.316685 0.638967
30.jpg,0,0 0.902958 0.473871 0.327209 0.209939 0.333372
300.jpg,0,0 0.904108 0.530836 0.294537 0.244195 0.325618 0 0.880771 0.076454 0.500018 0.043917 0.069314 0 0.850237 0.228737 0.459409 0.045778 0.051796 0 0.622866 0.823169 0.472295 0.060217 0.057187 0 0.462172 0.007626 0.506239 0.015251 0.058128
301.jpg,0,0 0.906162 0.537928 0.232623 0.420111 0.294819 0 0.898323 0.748380 0.718892 0.452860 0.337293 0 0.685822 0.981157 0.953213 0.037600 0.092420
302.jpg,0,1 0.905413 0.444214 0.693689 0.752790 0.611708 0 0.903238 0.530718 0.316353 0.441303 0.344653
303.jpg,0,-
304.jpg,0,1 0.905580 0.660323 0.550464 0.360005 0.860397
305.jpg,1,1 0.893612 0.761680 0.381781 0.366579 0.761409 0 0.886425 0.702725 0.266742 0.202560 0.258778
306.jpg,0,1 0.900007 0.450159 0.448197 0.786686 0.305762
307.jpg,0,0 0.895688 0.511337 0.242156 0.258413 0.360329
308.jpg,1,1 0.901671 0.504248 0.381389 0.860505 0.739777 0 0.883767 0.570153 0.272802 0.488012 0.273863
309.jpg,0,1 0.904499 0.514780 0.437635 0.759111 0.389109
31.jpg,0,0 0.904720 0.495490 0.101863 0.231377 0.157652
310.jpg,0,1 0.877235 0.692590 0.658724 0.611957 0.505739
311.jpg,0,1 0.907039 0.500097 0.512431 0.998372 0.968652
312.jpg,1,0 0.870828 0.486764 0.316011 0.134507 0.213685 1 0.483792 0.543630 0.345743 0.293968 0.420817
313.jpg,0,0 0.906233 0.504684 0.260075 0.230599 0.449291
314.jpg,0,-
315.jpg,0,0 0.905077 0.486800 0.339813 0.306403 0.523721
316.jpg,1,1 0.879130 0.164495 0.432188 0.180533 0.461904 0 0.868492 0.518555 0.296666 0.079561 0.154850 1 0.831993 0.605329 0.485415 0.250727 0.678204 0 0.677461 0.183890 0.320214 0.075062 0.154842
317.jpg,1,0 0.888269 0.596411 0.380307 0.313564 0.270862 1 0.704188 0.505298 0.322059 0.643469 0.469130 0 0.355517 0.813865 0.033368 0.151672 0.066401
318.jpg,0,0 0.905151 0.507451 0.263887 0.291396 0.393614
319.jpg,1,1 0.891749 0.481750 0.223274 0.257472 0.355727 0 0.859412 0.501474 0.132373 0.127284 0.108657
32.jpg,1,1 0.905918 0.496469 0.557491 0.527607 0.881635 0 0.891942 0.454429 0.326093 0.115388 0.210331
320.jpg,0,-
321.jpg,1,1 0.900410 0.503956 0.186387 0.268467 0.371566 0 0.865708 0.510833 0.087574 0.136161 0.111963
322.jpg,0,0 0.902099 0.536746 0.296832 0.253370 0.346853
323.jpg,0,-
324.jpg,0,-
325.jpg,0,0 0.894330 0.494710 0.102656 0.098838 0.131348
326.jpg,0,0 0.902832 0.627509 0.236399 0.164655 0.340792
327.jpg,1,0 0.899846 0.434028 0.265084 0.163364 0.156801 1 0.007158 0.538632 0.317893 0.389573 0.340016
328.jpg,1,0 0.881192 0.531032 0.539907 0.326926 0.253942 1 0.337156 0.547381 0.585527 0.546960 0.651270
329.jpg,0,0 0.905052 0.494228 0.244342 0.238270 0.386688
33.jpg,0,0 0.902124 0.585329 0.291007 0.295614 0.407370
330.jpg,1,1 0.751511 0.739728 0.435092 0.518779 0.355639 0 0.515013 0.658499 0.503446 0.324529 0.207862
331.jpg,1,1 0.904328 0.588442 0.550539 0.773095 0.897163 0 0.885596 0.471951 0.420965 0.409380 0.340611
332.jpg,0,-
333.jpg,1,0 0.883472 0.509277 0.275622 0.369305 0.224957 1 0.180322 0.603833 0.245092 0.696170 0.373475
334.jpg,0,-
335.jpg,0,0 0.899124 0.503230 0.064604 0.372615 0.127699
336.jpg,0,0 0.902566 0.543965 0.176303 0.252608 0.164827 1 0.809073 0.318265 0.484035 0.196080 0.475751
337.jpg,0,-
338.jpg,1,0 0.874287 0.579029 0.305940 0.163511 0.170990 1 0.477002 0.578968 0.281091 0.291392 0.269080
339.jpg,0,0 0.903470 0.437079 0.211124 0.304265 0.314272
34.jpg,0,-
340.jpg,0,-
341.jpg,1,0 0.888418 0.554903 0.480606 0.212544 0.402007 1 0.843173 0.482918 0.556244 0.454295 0.883105
342.jpg,0,1 0.905993 0.500476 0.543036 0.998758 0.910935
343.jpg,0,-
344.jpg,0,1 0.889303 0.576999 0.785947 0.320147 0.427239
345.jpg,0,-
346.jpg,0,0 0.906190 0.518557 0.285725 0.298584 0.393626
347.jpg,0,0 0.905101 0.568203 0.267948 0.317678 0.404704
348.jpg,0,1 0.905179 0.499970 0.498172 0.998870 0.840934
349.jpg,1,1 0.899300 0.532833 0.595069 0.924204 0.804053 0 0.457267 0.427709 0.515813 0.511799 0.423400
35.jpg,1,0 0.892563 0.524944 0.278560 0.311834 0.236173 1 0.880501 0.524958 0.355415 0.534263 0.613400
350.jpg,1,0 0.886303 0.468718 0.106270 0.155954 0.098945 1 0.862494 0.508464 0.164521 0.299968 0.323389
351.jpg,0,0 0.903489 0.495472 0.228914 0.277085 0.353960
352.jpg,0,0 0.888446 0.587886 0.227671 0.416966 0.230199
353.jpg,0,0 0.905575 0.415242 0.186532 0.200347 0.300151
354.jpg,0,1 0.905234 0.339926 0.781654 0.275221 0.345263 0 0.864542 0.656632 0.248073 0.144004 0.385346
355.jpg,0,1 0.904454 0.336812 0.406166 0.342624 0.601684 0 0.890828 0.705509 0.300898 0.101441 0.250055
356.jpg,0,0 0.902542 0.481433 0.437137 0.422158 0.670348
357.jpg,0,0 0.904149 0.491344 0.429078 0.315508 0.600511
358.jpg,0,1 0.902580 0.451220 0.805956 0.238456 0.386948 0 0.890456 0.680539 0.300656 0.141129 0.337047
359.jpg,0,-
36.jpg,1,1 0.894085 0.438804 0.383964 0.571538 0.766208 0 0.881564 0.483934 0.171270 0.263616 0.193279
360.jpg,0,0 0.892754 0.611177 0.313070 0.217804 0.333461
361.jpg,0,-
362.jpg,1,0 0.863281 0.523660 0.473836 0.116115 0.136367 1 0.797595 0.422931 0.548971 0.364558 0.562670
363.jpg,0,0 0.905513 0.490619 0.262672 0.259501 0.337822
364.jpg,1,0 0.891619 0.488617 0.204634 0.142202 0.204725 1 0.422609 0.547643 0.448143 0.204375 0.459281
365.jpg,0,1 0.905406 0.499423 0.237464 0.998846 0.474927
366.jpg,0,-
367.jpg,0,0 0.905566 0.499827 0.331152 0.351673 0.462732
368.jpg,0,-
369.jpg,0,0 0.904892 0.503591 0.400572 0.381666 0.514263 0 0.859093 0.243353 0.491876 0.049690 0.060067 0 0.670707 0.718884 0.418970 0.033702 0.039277
37.jpg,1,1 0.900849 0.651881 0.322300 0.696196 0.644601
370.jpg,0,1 0.896538 0.468149 0.566724 0.724025 0.335813
371.jpg,0,0 0.906878 0.509748 0.258003 0.280589 0.290193
372.jpg,0,-
373.jpg,0,-
374.jpg,0,-
375.jpg,1,1 0.902987 0.433268 0.487661 0.665626 0.862659 0 0.895448 0.498631 0.313951 0.317965 0.281159
376.jpg,0,0 0.902250 0.511546 0.273248 0.145900 0.279872
377.jpg,0,-
378.jpg,0,0 0.902175 0.619663 0.254290 0.341759 0.269181 1 0.896102 0.485367 0.550438 0.558853 0.597669
379.jpg,0,0 0.906723 0.553263 0.312468 0.358774 0.464045
38.jpg,0,1 0.879897 0.795895 0.785886 0.286149 0.146912 0 0.875203 0.347480 0.246594 0.102463 0.229343
380.jpg,1,1 0.900330 0.311834 0.472307 0.363370 0.610966 0 0.898098 0.651516 0.210020 0.163830 0.198530 0 0.882115 0.375404 0.337064 0.176713 0.191520
381.jpg,0,0 0.901254 0.458888 0.115518 0.260973 0.230056
382.jpg,0,0 0.903515 0.483570 0.106670 0.179886 0.212430
383.jpg,1,1 0.900159 0.598574 0.382029 0.451514 0.549660 0 0.885021 0.548749 0.327406 0.238197 0.194483
384.jpg,1,1 0.905788 0.792260 0.528492 0.413633 0.939438 0 0.882030 0.667144 0.392467 0.155402 0.269149
385.jpg,0,0 0.883492 0.677676 0.182425 0.099549 0.200110
386.jpg,0,0 0.898512 0.546086 0.189397 0.270527 0.293906
387.jpg,0,0 0.905708 0.457560 0.280679 0.263063 0.433574
388.jpg,1,1 0.895169 0.558110 0.335532 0.426056 0.540257 0 0.874056 0.560609 0.328670 0.254247 0.251640
389.jpg,0,-
39.jpg,0,0 0.905119 0.508774 0.333239 0.350714 0.412945
390.jpg,1,1 0.895049 0.475461 0.544074 0.950451 0.731804 0 0.874868 0.453449 0.394371 0.392450 0.396484
391.jpg,1,1 0.879033 0.524804 0.499041 0.860160 0.998082
392.jpg,0,0 0.899532 0.462193 0.393587 0.687496 0.542507 0 0.387587 0.085233 0.417486 0.170465 0.321376
393.jpg,0,0 0.901905 0.382448 0.164893 0.190665 0.329577
394.jpg,0,-
395.jpg,1,1 0.848239 0.467123 0.200872 0.263741 0.398832 0 0.841018 0.480309 0.102029 0.135531 0.111694
396.jpg,0,0 0.905691 0.563688 0.288520 0.211711 0.414668
397.jpg,1,1 0.903987 0.690283 0.590679 0.253079 0.683902 0 0.884279 0.547421 0.507246 0.061488 0.108469 0 0.868135 0.610535 0.417961 0.089023 0.174263
398.jpg,1,0 0.889868 0.281507 0.424696 0.120333 0.200301 0 0.868353 0.948526 0.509904 0.062144 0.079575 1 0.697651 0.198386 0.636932 0.297836 0.717253
399.jpg,0,0 0.884732 0.499790 0.177821 0.415170 0.325607
4.jpg,1,0 0.878622 0.528013 0.172179 0.177878 0.104064 1 0.483718 0.514797 0.212099 0.324392 0.302732
40.jpg,1,0 0.897937 0.496115 0.237470 0.250065 0.203667 1 0.041307 0.510143 0.232775 0.381861 0.339247
400.jpg,0,1 0.905568 0.517717 0.692395 0.350524 0.611811
401.jpg,0,0 0.901089 0.477105 0.101781 0.169014 0.143815
402.jpg,1,1 0.894888 0.405877 0.615332 0.377335 0.732263 0 0.886250 0.475275 0.486107 0.157608 0.256610 0 0.882009 0.839382 0.515063 0.118158 0.157294 1 0.680639 0.859293 0.500597 0.210263 0.355808
403.jpg,0,1 0.897643 0.528901 0.501154 0.942199 0.996387
404.jpg,0,0 0.900640 0.603322 0.305296 0.089717 0.230168 1 0.899331 0.286089 0.870865 0.217749 0.134686
405.jpg,0,-
406.jpg,0,0 0.903733 0.475531 0.297676 0.330632 0.434279
407.jpg,0,-
408.jpg,0,0 0.900109 0.502695 0.196554 0.163977 0.205907
409.jpg,0,0 0.901458 0.469483 0.395871 0.493742 0.689195
41.jpg,1,1 0.901513 0.348923 0.499145 0.532215 0.993362 0 0.895642 0.486027 0.317094 0.191178 0.297511
410.jpg,0,0 0.900313 0.512504 0.292537 0.504964 0.376422 0 0.829704 0.112299 0.402733 0.079758 0.043892
411.jpg,1,1 0.902896 0.537353 0.629005 0.329275 0.736602 0 0.887477 0.501103 0.451467 0.161729 0.240465
412.jpg,0,-
413.jpg,0,0 0.897646 0.496679 0.099928 0.240081 0.199440
414.jpg,0,0 0.900110 0.472669 0.102409 0.245367 0.204045
415.jpg,0,0 0.905740 0.556216 0.448457 0.433002 0.697491
416.jpg,0,1 0.763846 0.498361 0.692028 0.728195 0.612034
417.jpg,0,-
418.jpg,0,0 0.902181 0.504488 0.245574 0.208434 0.343187
419.jpg,1,0 0.895968 0.499207 0.298763 0.170470 0.284221 1 0.226469 0.504501 0.458013 0.248592 0.790646
42.jpg,0,0 0.904386 0.458922 0.232332 0.195560 0.308937
420.jpg,0,-
421.jpg,0,-
422.jpg,0,-
423.jpg,0,0 0.906332 0.617094 0.206423 0.401214 0.359027
424.jpg,0,0 0.904444 0.526225 0.288125 0.317796 0.397510
425.jpg,0,0 0.903350 0.367453 0.254369 0.202111 0.296560
426.jpg,0,0 0.902522 0.587710 0.175390 0.199442 0.207272
427.jpg,0,-
428.jpg,0,1 0.903554 0.499779 0.532326 0.998964 0.928585
429.jpg,0,0 0.903674 0.448822 0.141566 0.282353 0.281767
43.jpg,0,-
430.jpg,0,0 0.905821 0.455353 0.312879 0.275674 0.440553
431.jpg,1,1 0.900118 0.677872 0.308693 0.422983 0.608444 0 0.877153 0.560593 0.144349 0.160353 0.151278
432.jpg,0,0 0.904684 0.546421 0.264391 0.287619 0.386088
433.jpg,0,0 0.897842 0.465311 0.281625 0.224089 0.324153
434.jpg,0,-
435.jpg,0,0 0.877382 0.522280 0.230304 0.088714 0.199167 1 0.877320 0.488570 0.556092 0.139295 0.668632
436.jpg,1,1 0.897974 0.194674 0.538560 0.383144 0.904748 0 0.843763 0.301672 0.388684 0.106935 0.138322
437.jpg,0,-
438.jpg,0,0 0.899007 0.501847 0.227718 0.216602 0.276407
439.jpg,1,0 0.884857 0.500828 0.195620 0.148768 0.187537 1 0.734529 0.486701 0.509711 0.437198 0.971929
44.jpg,0,0 0.897714 0.584732 0.277194 0.152293 0.151255
440.jpg,0,1 0.825913 0.373759 0.487061 0.698845 0.328713
441.jpg,0,-
442.jpg,0,-
443.jpg,1,1 0.904151 0.499594 0.498452 0.689127 0.948449 0 0.896880 0.494640 0.147345 0.157672 0.156881
444.jpg,0,0 0.896621 0.581724 0.200592 0.171149 0.237116
445.jpg,0,0 0.900806 0.523713 0.401055 0.362259 0.661737
446.jpg,0,-
447.jpg,0,-
448.jpg,0,-
449.jpg,1,1 0.888999 0.628186 0.537603 0.333579 0.917301 0 0.853258 0.564790 0.294331 0.192331 0.298834
45.jpg,0,0 0.681132 0.714649 0.120743 0.198732 0.240139
450.jpg,0,-
451.jpg,0,1 0.900759 0.589448 0.519151 0.820911 0.960133
452.jpg,1,1 0.897417 0.541839 0.382578 0.695559 0.519559 0 0.890929 0.509863 0.328145 0.425679 0.211169 0 0.772509 0.066233 0.286696 0.050546 0.035017
453.jpg,0,0 0.903362 0.244613 0.286007 0.487621 0.393134
454.jpg,1,0 0.894344 0.585617 0.332116 0.140393 0.259602 1 0.858998 0.560402 0.504831 0.298058 0.780574
455.jpg,1,1 0.905610 0.592599 0.507721 0.480854 0.978846 0 0.896089 0.431295 0.239949 0.162683 0.217185
456.jpg,0,1 0.905690 0.279033 0.625610 0.557384 0.710433
457.jpg,0,0 0.903015 0.457117 0.099947 0.109483 0.183059
458.jpg,1,1 0.898747 0.531385 0.380662 0.516170 0.590479 0 0.858020 0.529869 0.244547 0.143191 0.161039
459.jpg,0,-
46.jpg,0,0 0.903217 0.724806 0.246787 0.399026 0.304688 1 0.878521 0.076163 0.655953 0.151952 0.457649
460.jpg,1,0 0.885014 0.515702 0.214218 0.163119 0.226597 1 0.648708 0.540618 0.501123 0.427588 0.984684
461.jpg,0,0 0.902373 0.498306 0.510011 0.604630 0.802070
462.jpg,0,0 0.906357 0.580490 0.300623 0.259087 0.439274
463.jpg,0,1 0.902726 0.355051 0.500450 0.710102 0.475129
464.jpg,0,-
465.jpg,0,-
466.jpg,0,0 0.904759 0.494978 0.191738 0.174883 0.211860
467.jpg,0,1 0.898447 0.667325 0.522499 0.663366 0.634206
468.jpg,1,0 0.840615 0.493105 0.162527 0.137110 0.144807 1 0.271289 0.540271 0.187689 0.334904 0.353411
469.jpg,0,0 0.897238 0.600715 0.114687 0.338041 0.228956
47.jpg,0,-
470.jpg,0,-
471.jpg,1,0 0.889495 0.376085 0.251050 0.133283 0.223146 1 0.888458 0.405005 0.378869 0.246025 0.613301
472.jpg,0,-
473.jpg,0,-
474.jpg,0,0 0.903403 0.494865 0.436267 0.447800 0.571550
475.jpg,1,1 0.904676 0.465229 0.536708 0.595437 0.905040 0 0.897084 0.488386 0.192858 0.168045 0.213742
476.jpg,1,0 0.901911 0.507527 0.156403 0.172812 0.145206 1 0.190002 0.576837 0.411531 0.401874 0.755225
477.jpg,0,0 0.896066 0.563511 0.331402 0.181673 0.258007
478.jpg,0,0 0.896441 0.508388 0.135566 0.100937 0.128626 0 0.673451 0.236909 0.308022 0.028979 0.031654 0 0.667398 0.942910 0.302589 0.026807 0.036942
479.jpg,0,-
48.jpg,1,1 0.870979 0.516926 0.333932 0.241919 0.375489 0 0.857486 0.496152 0.314417 0.122844 0.207386
480.jpg,0,-
481.jpg,1,1 0.896954 0.576103 0.632905 0.552586 0.451044
482.jpg,0,-
483.jpg,0,1 0.899255 0.626962 0.663749 0.744573 0.379587
484.jpg,0,-
485.jpg,0,0 0.899743 0.595675 0.160324 0.319818 0.303841 0 0.898113 0.139928 0.212562 0.279856 0.302224 0 0.680884 0.932066 0.184142 0.134900 0.363553
486.jpg,1,1 0.883886 0.495912 0.145465 0.252862 0.288836 0 0.875512 0.504195 0.091397 0.129155 0.111778
487.jpg,0,0 0.902265 0.303539 0.192908 0.523324 0.346160
488.jpg,1,1 0.901655 0.565162 0.353023 0.395207 0.704135 0 0.887571 0.543030 0.162284 0.102862 0.191901
489.jpg,0,-
49.jpg,0,0 0.902780 0.505501 0.167461 0.173560 0.216135
490.jpg,1,0 0.881219 0.517474 0.439452 0.191478 0.282525 1 0.485501 0.510856 0.582984 0.374067 0.829549
491.jpg,1,1 0.891010 0.580304 0.430439 0.242784 0.395466 0 0.868649 0.516710 0.414196 0.087469 0.103537
492.jpg,0,0 0.905054 0.526424 0.265250 0.289182 0.367922
493.jpg,0,0 0.903219 0.502756 0.165208 0.232700 0.235825
494.jpg,0,-
495.jpg,0,0 0.900480 0.735041 0.194222 0.440178 0.327079 0 0.887892 0.712028 0.779297 0.575441 0.441407
496.jpg,0,0 0.895736 0.743694 0.109715 0.145037 0.213688 0 0.654843 0.132119 0.325407 0.109332 0.058403
497.jpg,0,1 0.905358 0.538425 0.492486 0.887393 0.952481
498.jpg,0,0 0.897248 0.562465 0.253619 0.064661 0.097024
499.jpg,0,-
5.jpg,0,-
50.jpg,0,0 0.898451 0.114126 0.050489 0.193265 0.100677 0 0.898313 0.793722 0.100269 0.257509 0.200403
500.jpg,0,0 0.828012 0.393792 0.292223 0.127488 0.312605 1 0.728586 0.153836 0.506323 0.270902 0.533989
501.jpg,1,0 0.890465 0.513125 0.311741 0.164719 0.242285 1 0.814237 0.521909 0.394141 0.331069 0.673409
502.jpg,1,1 0.896869 0.449210 0.548467 0.488023 0.721003 0 0.883624 0.507220 0.374675 0.265399 0.207980
503.jpg,0,0 0.900177 0.479345 0.299289 0.267497 0.396098
504.jpg,0,-
505.jpg,0,0 0.900810 0.498150 0.473928 0.600906 0.778888
506.jpg,0,0 0.898518 0.495604 0.214508 0.162274 0.312708
507.jpg,0,0 0.857210 0.536980 0.088478 0.097576 0.133279
508.jpg,1,1 0.904700 0.649087 0.373420 0.585498 0.714426 0 0.892268 0.482264 0.161403 0.257332 0.233397
509.jpg,0,-
51.jpg,0,-
510.jpg,1,1 0.896219 0.313585 0.391428 0.302928 0.639694 0 0.892742 0.303019 0.257875 0.137400 0.219474
511.jpg,0,-
512.jpg,0,-
513.jpg,1,0 0.823938 0.490452 0.333685 0.272865 0.287475 1 0.426424 0.578215 0.519265 0.633568 0.949334
514.jpg,1,1 0.898079 0.748621 0.178164 0.225354 0.353536 0 0.843639 0.675692 0.089098 0.079948 0.094568
515.jpg,0,1 0.902705 0.507071 0.683493 0.662547 0.581775
516.jpg,0,1 0.898277 0.634743 0.575239 0.513938 0.388563 0 0.765708 0.530512 0.268170 0.147883 0.336450 0 0.516679 0.530393 0.413867 0.153252 0.289715
517.jpg,0,0 0.890336 0.787510 0.493873 0.080053 0.152801 1 0.890246 0.651284 0.753935 0.122220 0.490544 0 0.889644 0.384796 0.268067 0.077372 0.213210 0 0.871193 0.587906 0.192195 0.073724 0.198067
518.jpg,0,0 0.901963 0.601200 0.469664 0.404407 0.532578
519.jpg,1,1 0.893663 0.695130 0.412605 0.461456 0.676570 0 0.671840 0.595992 0.542601 0.212797 0.419803 1 0.353630 0.544020 0.799345 0.150420 0.352789
52.jpg,1,0 0.895214 0.482361 0.236998 0.301244 0.189793 1 0.820942 0.456602 0.434788 0.579068 0.744236
520.jpg,1,0 0.901015 0.213168 0.292040 0.126223 0.279105 0 0.883541 0.783413 0.311399 0.114023 0.204289 1 0.811642 0.829590 0.410800 0.239297 0.655732
521.jpg,0,0 0.898016 0.509058 0.507286 0.641321 0.860993
522.jpg,1,0 0.897123 0.420020 0.188602 0.285441 0.210088 1 0.820720 0.348719 0.357898 0.683016 0.715458
523.jpg,0,0 0.901646 0.451342 0.109457 0.255058 0.218524
524.jpg,0,0 0.903734 0.550471 0.123524 0.180155 0.189761
525.jpg,0,0 0.904232 0.503455 0.339898 0.338997 0.442766
526.jpg,0,-
527.jpg,0,-
528.jpg,0,0 0.902321 0.504778 0.548833 0.287215 0.385238
529.jpg,0,-
53.jpg,0,0 0.906069 0.492039 0.265320 0.237295 0.299965
530.jpg,0,0 0.902543 0.475769 0.210398 0.244910 0.322979
531.jpg,1,0 0.892810 0.553832 0.308158 0.162188 0.276436 0 0.856438 0.279717 0.811239 0.092992 0.106461 1 0.630735 0.285794 0.841804 0.112972 0.315869 1 0.490293 0.565279 0.375100 0.294157 0.575196
532.jpg,0,1 0.903591 0.498069 0.505649 0.993387 0.499779
533.jpg,1,1 0.906622 0.391126 0.714655 0.779390 0.568623 0 0.820744 0.524040 0.595548 0.353487 0.231667
534.jpg,0,-
535.jpg,1,0 0.825241 0.617309 0.494473 0.068871 0.190633 0 0.806126 0.345790 0.495051 0.093750 0.157625 0 0.330286 0.784675 0.475997 0.045411 0.068249 1 0.278041 0.341686 0.461880 0.163255 0.232256
536.jpg,1,0 0.891508 0.364628 0.309652 0.164503 0.293177 1 0.878390 0.237956 0.382723 0.434099 0.759087
537.jpg,0,0 0.904458 0.491993 0.456736 0.496999 0.658392
538.jpg,1,0 0.892846 0.468170 0.222597 0.140684 0.242844 1 0.849205 0.509756 0.358010 0.326547 0.688858
539.jpg,0,1 0.892435 0.670025 0.550233 0.659179 0.579668
54.jpg,0,0 0.897846 0.287825 0.137009 0.209094 0.254949
540.jpg,0,-
541.jpg,0,0 0.888390 0.603859 0.257500 0.162953 0.340222
542.jpg,0,1 0.907331 0.502252 0.569314 0.533909 0.856020
543.jpg,0,1 0.903901 0.506772 0.682931 0.984246 0.524798
544.jpg,0,-
545.jpg,0,0 0.899803 0.509887 0.147827 0.172229 0.221384
546.jpg,1,1 0.891549 0.707119 0.395049 0.295800 0.716040 0 0.881807 0.716133 0.254593 0.144222 0.247940
547.jpg,0,1 0.905482 0.299101 0.656915 0.597236 0.470574
548.jpg,0,0 0.906623 0.486584 0.252457 0.349708 0.245128
549.jpg,0,1 0.901932 0.340417 0.781828 0.276154 0.346101 0 0.860687 0.659229 0.250193 0.149104 0.387109
55.jpg,0,0 0.902546 0.431678 0.209483 0.226524 0.304177
550.jpg,0,1 0.905164 0.569502 0.483235 0.859536 0.641520
551.jpg,1,0 0.889554 0.606526 0.276193 0.070943 0.122426 0 0.822080 0.335861 0.234623 0.047938 0.145195 1 0.261909 0.622629 0.358517 0.192007 0.313747
552.jpg,0,0 0.905815 0.506612 0.326497 0.313698 0.428259
553.jpg,0,1 0.908310 0.468584 0.539120 0.937168 0.920862
554.jpg,0,-
555.jpg,0,-
556.jpg,0,-
557.jpg,0,0 0.900417 0.518444 0.167637 0.168597 0.219558
558.jpg,1,1 0.905546 0.364010 0.714141 0.723417 0.567466 0 0.465623 0.399279 0.611812 0.366285 0.312940
559.jpg,0,0 0.905134 0.498673 0.457673 0.535323 0.698016
56.jpg,0,0 0.894193 0.630854 0.094811 0.346867 0.189023
560.jpg,0,-
561.jpg,0,0 0.899263 0.491784 0.117076 0.145957 0.190962
562.jpg,0,0 0.900587 0.464570 0.118601 0.146498 0.155066
563.jpg,0,0 0.904836 0.499250 0.311607 0.300407 0.424352
564.jpg,0,0 0.904421 0.567840 0.201428 0.453439 0.300375 0 0.897122 0.762824 0.891359 0.473235 0.217076 0 0.871564 0.182649 0.033280 0.309455 0.066300
565.jpg,1,1 0.892691 0.316513 0.270687 0.163450 0.466727 0 0.866605 0.324020 0.226457 0.094325 0.159053
566.jpg,0,0 0.880948 0.365390 0.328329 0.083334 0.235612 1 0.291945 0.522367 0.873893 0.168386 0.166985
567.jpg,1,0 0.889370 0.568903 0.346026 0.139186 0.240818 1 0.187871 0.556615 0.480200 0.287951 0.739506
568.jpg,0,0 0.905884 0.504255 0.388042 0.451410 0.596443
569.jpg,0,0 0.904449 0.478786 0.215254 0.185035 0.293716
57.jpg,0,0 0.906226 0.454608 0.326217 0.330573 0.440322
570.jpg,0,0 0.906383 0.493885 0.383073 0.401503 0.512813
571.jpg,1,0 0.884130 0.515295 0.254365 0.160033 0.131896 1 0.712969 0.567339 0.345427 0.296877 0.431019
572.jpg,0,-
573.jpg,0,1 0.893783 0.591171 0.563652 0.246647 0.488706 0 0.868676 0.559762 0.392299 0.106392 0.297994
574.jpg,1,1 0.892938 0.269065 0.627625 0.537232 0.739216 0 0.854437 0.301435 0.443965 0.247805 0.126407
575.jpg,0,0 0.902190 0.463473 0.217726 0.362425 0.375379
576.jpg,0,1 0.907866 0.500093 0.455584 0.998685 0.909523
577.jpg,1,0 0.895413 0.515179 0.306341 0.378171 0.350103 1 0.880331 0.596603 0.392807 0.713668 0.784895
578.jpg,1,0 0.835800 0.477855 0.122718 0.120777 0.103974 1 0.800790 0.491791 0.125229 0.245079 0.166307
579.jpg,1,0 0.898710 0.557495 0.235339 0.251829 0.268897 1 0.874444 0.622630 0.492104 0.512514 0.960634
58.jpg,0,-
580.jpg,0,0 0.895049 0.608947 0.193183 0.207600 0.131189
581.jpg,0,0 0.906112 0.539702 0.387750 0.420770 0.546755
582.jpg,0,0 0.903936 0.485173 0.158871 0.153579 0.194818
583.jpg,0,1 0.897575 0.258986 0.866881 0.307964 0.265382 0 0.889803 0.269656 0.247600 0.026613 0.053189 0 0.880172 0.528515 0.161586 0.111219 0.273849 0 0.845430 0.358844 0.451148 0.018298 0.038608 0 0.844268 0.969773 0.345289 0.027928 0.062724 0 0.619204 0.299277 0.521670 0.013796 0.034014
584.jpg,0,1 0.905195 0.465519 0.516034 0.908592 0.747227
585.jpg,1,0 0.874227 0.476804 0.132317 0.136707 0.101509 1 0.846345 0.479833 0.173812 0.245452 0.250064
586.jpg,0,0 0.904593 0.456933 0.128195 0.256839 0.192362
587.jpg,1,1 0.893760 0.483348 0.537902 0.616819 0.918582 0 0.884877 0.380904 0.343149 0.334945 0.280021
588.jpg,0,0 0.901942 0.532638 0.096715 0.450218 0.193297
589.jpg,0,1 0.905670 0.467852 0.421773 0.933406 0.661837
59.jpg,0,0 0.904354 0.506642 0.462620 0.507430 0.699106
590.jpg,0,0 0.905441 0.473043 0.331746 0.360642 0.558892
591.jpg,0,0 0.905753 0.562696 0.298767 0.264673 0.300530
592.jpg,0,-
593.jpg,0,0 0.906202 0.501995 0.237491 0.248148 0.316338
594.jpg,0,-
595.jpg,0,-
596.jpg,0,0 0.902389 0.502589 0.135299 0.170720 0.221442
597.jpg,0,1 0.905192 0.499725 0.565639 0.999073 0.867323
598.jpg,1,1 0.894195 0.505138 0.281515 0.349770 0.557947 0 0.892445 0.495555 0.069725 0.158294 0.123757
599.jpg,0,0 0.822026 0.511827 0.530200 0.629413 0.888671
6.jpg,0,1 0.905542 0.576894 0.517287 0.844723 0.753789
60.jpg,1,0 0.894405 0.747953 0.356798 0.108384 0.139881 0 0.891232 0.387408 0.259134 0.086291 0.139081 0 0.883774 0.954104 0.238880 0.091551 0.149911 1 0.880440 0.338755 0.504009 0.256670 0.680005
600.jpg,0,0 0.895079 0.450501 0.314543 0.470111 0.448203
601.jpg,0,-
602.jpg,0,0 0.904177 0.566351 0.339774 0.229515 0.465136
603.jpg,1,1 0.901427 0.328712 0.480910 0.261274 0.769207 0 0.887778 0.344396 0.319527 0.147368 0.247745
604.jpg,1,0 0.753465 0.297221 0.436257 0.043835 0.055752 1 0.619718 0.383127 0.521675 0.275525 0.357006
605.jpg,0,-
606.jpg,0,-
607.jpg,0,0 0.899493 0.486781 0.119849 0.153261 0.126499
608.jpg,0,-
609.jpg,0,1 0.907060 0.252532 0.638603 0.503204 0.720589
61.jpg,0,0 0.895421 0.642454 0.288331 0.156123 0.453893 1 0.875172 0.806909 0.871077 0.197266 0.257634
610.jpg,0,1 0.660962 0.566640 0.538652 0.386968 0.269849
611.jpg,1,0 0.890015 0.624962 0.194926 0.095938 0.163095 1 0.635684 0.215715 0.170707 0.207113 0.262419 0 0.570509 0.255214 0.236288 0.111154 0.123093
612.jpg,1,1 0.900041 0.455788 0.344631 0.551687 0.629836 0 0.895822 0.493560 0.221808 0.193567 0.220049
613.jpg,0,-
614.jpg,0,-
615.jpg,1,0 0.893041 0.499038 0.368152 0.116835 0.182669 1 0.866728 0.461935 0.479986 0.283996 0.531680
616.jpg,0,0 0.902342 0.874423 0.676960 0.138864 0.135430 0 0.890563 0.801910 0.304765 0.395833 0.594973
617.jpg,0,1 0.900961 0.699816 0.834973 0.259018 0.329162 0 0.883391 0.427492 0.194945 0.103701 0.266252
618.jpg,0,-
619.jpg,0,0 0.887936 0.509475 0.201892 0.086332 0.123383
62.jpg,0,-
620.jpg,0,1 0.905973 0.483480 0.644303 0.692228 0.527967
621.jpg,0,0 0.897098 0.504346 0.107085 0.101356 0.139183
622.jpg,1,0 0.823570 0.501190 0.254732 0.109117 0.084775 1 0.484367 0.521182 0.320801 0.173460 0.274264
623.jpg,1,1 0.900284 0.718707 0.395073 0.562089 0.783929 0 0.883302 0.645413 0.178265 0.293136 0.214593
624.jpg,0,0 0.905479 0.492258 0.399066 0.654794 0.602767
625.jpg,0,1 0.901854 0.458480 0.717774 0.800876 0.562912
626.jpg,0,0 0.896271 0.479222 0.196934 0.186553 0.280721
627.jpg,0,-
628.jpg,0,0 0.907174 0.501288 0.257026 0.258279 0.331662
629.jpg,1,0 0.862845 0.338812 0.222415 0.127891 0.236989 1 0.675718 0.315424 0.229043 0.234197 0.388718
63.jpg,0,0 0.904803 0.513128 0.439890 0.442708 0.657731
630.jpg,0,-
631.jpg,0,1 0.906695 0.492193 0.543120 0.984387 0.660915
632.jpg,0,1 0.900273 0.584000 0.624433 0.778449 0.748959
633.jpg,0,0 0.895923 0.385583 0.208876 0.078406 0.195497 1 0.894764 0.611534 0.381899 0.114699 0.531140
634.jpg,0,1 0.904068 0.510406 0.607620 0.626629 0.754513 0 0.901607 0.516825 0.175440 0.319423 0.253631
635.jpg,0,0 0.904106 0.524950 0.404621 0.475356 0.631120
636.jpg,0,-
637.jpg,0,1 0.903936 0.610981 0.570505 0.619892 0.720204
638.jpg,0,1 0.893259 0.721453 0.777020 0.156791 0.376897 0 0.884879 0.428507 0.261131 0.126721 0.349307
639.jpg,0,1 0.908166 0.499247 0.540796 0.997893 0.829383
64.jpg,0,0 0.905347 0.518577 0.322740 0.437632 0.587196
640.jpg,0,-
641.jpg,0,-
642.jpg,0,0 0.901116 0.497567 0.449144 0.554127 0.724217
643.jpg,0,-
644.jpg,0,-
645.jpg,0,0 0.900824 0.512465 0.098853 0.216031 0.169066
646.jpg,0,0 0.902723 0.512164 0.181808 0.185736 0.240323
647.jpg,0,-
648.jpg,1,1 0.905060 0.413697 0.389441 0.443207 0.518197 0 0.858067 0.484831 0.316512 0.226367 0.135832
649.jpg,0,1 0.896720 0.385194 0.563834 0.661760 0.734834
65.jpg,0,-
650.jpg,0,1 0.907755 0.719338 0.661107 0.538464 0.676148
651.jpg,0,0 0.904059 0.487065 0.210201 0.230802 0.298328 0 0.867460 0.045364 0.294481 0.051694 0.065871
652.jpg,0,0 0.901233 0.503927 0.184835 0.177113 0.221921
653.jpg,0,0 0.906048 0.510622 0.438673 0.459777 0.595488
654.jpg,0,0 0.901858 0.684246 0.276412 0.629744 0.428567 0 0.747129 0.698282 0.851795 0.603437 0.296409
655.jpg,0,0 0.903042 0.484002 0.169036 0.173649 0.226562
656.jpg,0,1 0.906523 0.510366 0.563288 0.976797 0.746307
657.jpg,0,0 0.902897 0.492162 0.168164 0.230372 0.221062
658.jpg,0,1 0.879574 0.200493 0.312550 0.400064 0.625100
659.jpg,0,0 0.894105 0.520729 0.098846 0.699483 0.194379
66.jpg,0,1 0.903405 0.618304 0.639857 0.760399 0.718787
660.jpg,0,0 0.898341 0.515080 0.293531 0.171601 0.177311
661.jpg,0,0 0.898667 0.501911 0.173603 0.176344 0.230340
662.jpg,0,1 0.900676 0.452588 0.805768 0.240579 0.387419 0 0.894952 0.676838 0.300493 0.134992 0.334954
663.jpg,0,-
664.jpg,0,0 0.887871 0.363447 0.172440 0.217177 0.294576
665.jpg,0,0 0.896884 0.505345 0.121177 0.191089 0.132492
666.jpg,0,0 0.903408 0.553553 0.264105 0.264729 0.351078
667.jpg,0,0 0.904435 0.450958 0.226476 0.270283 0.355839
668.jpg,1,1 0.906298 0.670093 0.605399 0.336865 0.748874
669.jpg,0,0 0.905709 0.493505 0.156135 0.208641 0.273079
67.jpg,0,0 0.904350 0.437527 0.103786 0.414134 0.203243
670.jpg,0,-
671.jpg,0,0 0.905388 0.485282 0.148568 0.205934 0.250447
672.jpg,0,-
673.jpg,0,0 0.896659 0.391468 0.066543 0.206989 0.132644
674.jpg,0,0 0.903307 0.516843 0.323050 0.349732 0.451898
675.jpg,0,0 0.902925 0.480322 0.203078 0.148748 0.186877
676.jpg,0,0 0.904242 0.549582 0.238613 0.205026 0.350222
677.jpg,0,-
678.jpg,0,-
679.jpg,0,-
68.jpg,0,0 0.902748 0.497653 0.442133 0.515085 0.644282
680.jpg,0,-
681.jpg,0,0 0.884917 0.734702 0.054976 0.308263 0.109664
682.jpg,1,0 0.879579 0.515086 0.266062 0.208870 0.167946 1 0.522930 0.493913 0.232181 0.386950 0.449580
683.jpg,0,0 0.904920 0.490032 0.286696 0.264393 0.398936
684.jpg,1,0 0.857928 0.715392 0.364222 0.165989 0.188122 1 0.843556 0.791812 0.462181 0.381339 0.495779
685.jpg,0,0 0.897765 0.451279 0.190844 0.287629 0.231604
686.jpg,1,0 0.878701 0.548926 0.658017 0.057232 0.108411 1 0.817524 0.502028 0.798095 0.151272 0.403811
687.jpg,0,-
688.jpg,1,1 0.900098 0.462077 0.485699 0.437513 0.618569 0 0.825666 0.520937 0.370989 0.251806 0.176760
689.jpg,0,-
69.jpg,0,-
690.jpg,0,0 0.906375 0.530896 0.246987 0.223578 0.281090
691.jpg,0,0 0.902610 0.498173 0.104930 0.113411 0.141744
692.jpg,0,0 0.901712 0.501953 0.165781 0.176881 0.234573
693.jpg,1,1 0.900555 0.545362 0.458424 0.420014 0.776251 0 0.883805 0.555278 0.243290 0.164759 0.202356
694.jpg,0,0 0.898083 0.500685 0.153653 0.169027 0.233742
695.jpg,0,-
696.jpg,0,0 0.905646 0.514044 0.258542 0.293713 0.388713
697.jpg,0,0 0.898968 0.547623 0.188286 0.180988 0.258529
698.jpg,0,1 0.891945 0.540050 0.533840 0.918857 0.634897
699.jpg,0,0 0.900752 0.559523 0.146565 0.410963 0.292491
7.jpg,1,1 0.904975 0.631534 0.488604 0.339566 0.896593 0 0.807534 0.553200 0.284295 0.166357 0.290292
70.jpg,0,0 0.903696 0.642575 0.200651 0.230128 0.303891
700.jpg,0,0 0.902404 0.504066 0.405052 0.473828 0.622225
701.jpg,0,1 0.905878 0.669465 0.537436 0.567097 0.585224
702.jpg,0,0 0.906807 0.465136 0.234499 0.291150 0.381329
703.jpg,0,0 0.899700 0.479601 0.233956 0.244177 0.350461
704.jpg,0,-
705.jpg,0,0 0.904703 0.263064 0.276338 0.249349 0.394921
706.jpg,1,1 0.900096 0.381190 0.432855 0.277226 0.347734 1 0.713506 0.846682 0.463414 0.305972 0.495042
707.jpg,0,0 0.905602 0.501098 0.416408 0.441296 0.546793
708.jpg,0,1 0.906699 0.545127 0.495691 0.842436 0.893216
709.jpg,0,1 0.897183 0.435333 0.673683 0.870382 0.650858
71.jpg,0,1 0.885212 0.492990 0.523699 0.765325 0.829978
710.jpg,0,0 0.899865 0.499712 0.148241 0.093662 0.122796
711.jpg,0,0 0.900736 0.618428 0.260284 0.192475 0.352493
712.jpg,1,0 0.836626 0.485291 0.134174 0.176543 0.098522 1 0.514863 0.438167 0.159411 0.318211 0.243098
713.jpg,0,-
714.jpg,0,0 0.905019 0.504329 0.254975 0.256359 0.325096
715.jpg,0,0 0.899628 0.354847 0.311606 0.123165 0.315686
716.jpg,1,1 0.903378 0.511146 0.378664 0.480123 0.711420 0 0.893206 0.563155 0.249846 0.232597 0.219273 0 0.820868 0.177411 0.383912 0.084089 0.240961
717.jpg,1,1 0.814029 0.377290 0.620109 0.207486 0.319807 0 0.787372 0.389153 0.538876 0.061972 0.052887
718.jpg,0,-
719.jpg,1,0 0.897351 0.201703 0.480876 0.089220 0.158709 0 0.890485 0.846892 0.439276 0.096291 0.138102 0 0.882247 0.455588 0.491001 0.081583 0.111694 1 0.670933 0.485545 0.522456 0.150878 0.310959
72.jpg,0,0 0.888738 0.644400 0.185032 0.137745 0.340099 1 0.886516 0.751135 0.739750 0.161033 0.437114
720.jpg,1,0 0.866037 0.147968 0.319647 0.085897 0.092551 1 0.005358 0.126444 0.572895 0.044427 0.103935
721.jpg,0,-
722.jpg,0,1 0.899119 0.810459 0.810459 0.378666 0.193119 0 0.897335 0.657301 0.405791 0.152863 0.264100
723.jpg,0,1 0.904568 0.642820 0.452301 0.713815 0.415261
724.jpg,0,0 0.870738 0.568126 0.092290 0.601290 0.181371
725.jpg,0,1 0.889466 0.698207 0.519646 0.582697 0.421358
726.jpg,0,1 0.899935 0.410486 0.640490 0.820049 0.714267
727.jpg,0,0 0.903880 0.505238 0.309187 0.308892 0.409563
728.jpg,0,0 0.902152 0.480645 0.139781 0.211652 0.134069
729.jpg,0,-
73.jpg,0,-
730.jpg,0,0 0.901063 0.497760 0.098344 0.108259 0.138085
731.jpg,1,1 0.902035 0.580739 0.500472 0.823148 0.998954 0 0.841534 0.492562 0.509801 0.491938 0.557687
732.jpg,1,0 0.893700 0.523257 0.280765 0.247459 0.287939 1 0.856250 0.488791 0.494724 0.458207 0.919007
733.jpg,0,-
734.jpg,0,0 0.903856 0.546395 0.128676 0.265240 0.201528
735.jpg,1,1 0.902510 0.588825 0.524334 0.539949 0.930250 0 0.884477 0.574011 0.330130 0.183629 0.297438
736.jpg,0,-
737.jpg,0,-
738.jpg,1,1 0.901496 0.510080 0.380112 0.361044 0.498714 0 0.804578 0.422950 0.386253 0.139633 0.130859
739.jpg,1,1 0.890398 0.458517 0.460290 0.914140 0.539366 0 0.432338 0.447984 0.415016 0.298906 0.218732
74.jpg,0,0 0.905989 0.499192 0.358019 0.367048 0.504797
740.jpg,1,1 0.899663 0.498275 0.343492 0.548393 0.525817 0 0.890781 0.535155 0.292582 0.277972 0.274594
741.jpg,1,1 0.871228 0.475782 0.189055 0.251135 0.378110 0 0.845977 0.483865 0.107583 0.130257 0.100347
742.jpg,0,1 0.901410 0.498870 0.677265 0.993825 0.624748 0 0.897053 0.665685 0.253807 0.500883 0.337741
743.jpg,0,1 0.901977 0.579243 0.676944 0.307608 0.440406 0 0.870387 0.343408 0.383554 0.304195 0.204824
744.jpg,1,1 0.895262 0.461320 0.217668 0.294916 0.324520 0 0.854811 0.512504 0.134332 0.123698 0.106407
745.jpg,0,0 0.906720 0.533947 0.157548 0.233885 0.307167
746.jpg,1,0 0.903836 0.498784 0.419838 0.299473 0.446356 1 0.413425 0.497954 0.340118 0.516654 0.668209
747.jpg,0,0 0.903840 0.537405 0.215405 0.233181 0.313270
748.jpg,0,0 0.898483 0.455206 0.333119 0.328082 0.397693 1 0.881123 0.568903 0.683731 0.774161 0.631517
749.jpg,0,0 0.891507 0.398245 0.188026 0.108233 0.246505 1 0.885524 0.617617 0.872208 0.158090 0.094413
75.jpg,1,0 0.875912 0.489882 0.324263 0.119068 0.197782 1 0.747507 0.491682 0.402834 0.297168 0.546627
750.jpg,0,0 0.891683 0.677678 0.274754 0.159890 0.371435 1 0.784188 0.724305 0.521643 0.284622 0.351774
751.jpg,0,1 0.904934 0.290493 0.681439 0.432439 0.635810
752.jpg,0,-
753.jpg,0,0 0.906101 0.393850 0.307823 0.351023 0.442084 0 0.512683 0.894950 0.307253 0.072310 0.100394
754.jpg,0,0 0.899953 0.484348 0.450777 0.355508 0.564386 0 0.863232 0.950340 0.505231 0.098763 0.507425
755.jpg,0,-
756.jpg,0,0 0.901164 0.550507 0.197180 0.236269 0.300221
757.jpg,0,1 0.891004 0.538039 0.463650 0.693664 0.515418
758.jpg,0,-
759.jpg,1,1 0.902021 0.538418 0.342569 0.534348 0.664815 0 0.885918 0.477995 0.306286 0.261988 0.260540
76.jpg,0,-
760.jpg,0,0 0.903764 0.522693 0.266644 0.254080 0.388537
761.jpg,0,0 0.903170 0.499506 0.439861 0.507729 0.715187
762.jpg,0,-
763.jpg,0,0 0.899231 0.510770 0.317281 0.389747 0.197488 1 0.884606 0.407676 0.446535 0.813834 0.376722
764.jpg,0,1 0.757613 0.518329 0.430542 0.961213 0.474508
765.jpg,1,1 0.893787 0.595117 0.340667 0.468972 0.575528 0 0.874075 0.597575 0.398858 0.247064 0.415451
766.jpg,0,0 0.905832 0.496236 0.489699 0.525558 0.644244
767.jpg,0,1 0.894430 0.768411 0.487082 0.186454 0.407972 0 0.809776 0.581985 0.410029 0.129645 0.270316
768.jpg,1,1 0.901868 0.609375 0.598602 0.301929 0.346979 0 0.835312 0.542981 0.510583 0.118950 0.061923
769.jpg,0,0 0.901271 0.519671 0.279154 0.171704 0.207472 0 0.872518 0.286560 0.510830 0.072277 0.070503 1 0.582283 0.811247 0.620199 0.184679 0.122219
77.jpg,0,-
770.jpg,0,0 0.905457 0.503561 0.442610 0.494186 0.675525
771.jpg,1,0 0.687155 0.208117 0.503172 0.051356 0.055919 1 0.233947 0.216455 0.578813 0.124004 0.253775
772.jpg,0,-
773.jpg,1,0 0.896216 0.294124 0.310044 0.109533 0.196557 0 0.886759 0.680162 0.285627 0.118978 0.186718 1 0.880629 0.780167 0.437080 0.331344 0.645661 1 0.498548 0.180667 0.461214 0.336091 0.644713
774.jpg,0,0 0.906111 0.666319 0.252789 0.532132 0.400881
775.jpg,0,0 0.906284 0.509314 0.374944 0.369080 0.464328
776.jpg,0,0 0.901072 0.297806 0.113945 0.354412 0.191160
777.jpg,0,0 0.890888 0.365726 0.088225 0.593600 0.175668
778.jpg,1,1 0.892258 0.502576 0.321536 0.556915 0.548792 0 0.884348 0.501160 0.232267 0.365304 0.261185
779.jpg,0,-
78.jpg,0,-
780.jpg,0,-
781.jpg,0,1 0.906987 0.569822 0.751227 0.738345 0.496557
782.jpg,0,1 0.903567 0.493612 0.476917 0.987224 0.751331
783.jpg,0,0 0.902556 0.499016 0.436905 0.444357 0.645337
784.jpg,1,1 0.420925 0.380341 0.242653 0.323699 0.168983 1 0.206665 0.344114 0.373942 0.397276 0.434512
785.jpg,0,1 0.905925 0.499617 0.520124 0.998596 0.891089
786.jpg,0,-
787.jpg,0,0 0.897474 0.597902 0.462585 0.569040 0.608949
788.jpg,0,-
789.jpg,1,0 0.857034 0.492631 0.294506 0.088924 0.131791 1 0.844778 0.533725 0.340739 0.205425 0.352900
79.jpg,0,-
790.jpg,0,1 0.906529 0.503004 0.554171 0.990819 0.890688
791.jpg,0,0 0.905600 0.507673 0.296964 0.314994 0.404164
792.jpg,0,-
793.jpg,0,-
794.jpg,0,1 0.887493 0.629793 0.270568 0.312171 0.396648 0 0.873046 0.502185 0.343078 0.114781 0.286883
795.jpg,0,0 0.899493 0.258036 0.339886 0.385090 0.603569
796.jpg,0,0 0.871892 0.515826 0.171719 0.618294 0.294559
797.jpg,0,-
798.jpg,0,0 0.893968 0.488033 0.120331 0.205271 0.203610
799.jpg,1,0 0.846054 0.294365 0.425185 0.097833 0.155618 1 0.745654 0.269105 0.423212 0.153503 0.264835
8.jpg,0,0 0.905527 0.468164 0.391204 0.338761 0.517479
80.jpg,0,1 0.904072 0.596157 0.648400 0.804994 0.543263
800.jpg,0,0 0.893368 0.380777 0.069200 0.397796 0.138308
801.jpg,0,-
802.jpg,0,0 0.893638 0.436607 0.133241 0.269938 0.254846
803.jpg,0,0 0.902033 0.500166 0.120343 0.107001 0.137757
804.jpg,0,0 0.892280 0.481717 0.096577 0.218545 0.192091
805.jpg,1,1 0.893837 0.561209 0.270423 0.192455 0.390295 0 0.808616 0.536773 0.174022 0.089862 0.107427
806.jpg,0,0 0.888146 0.560963 0.290064 0.085347 0.212324 0 0.888074 0.243698 0.465187 0.091083 0.178088 1 0.885770 0.661371 0.529663 0.117278 0.925958 0 0.867988 0.452389 0.306477 0.092547 0.227657
807.jpg,0,0 0.901723 0.512057 0.217309 0.164917 0.206650
808.jpg,0,-
809.jpg,0,-
81.jpg,0,-
810.jpg,1,0 0.893747 0.441224 0.458665 0.199867 0.321442 1 0.743974 0.445061 0.580211 0.356914 0.828707
811.jpg,0,0 0.902695 0.517898 0.140159 0.294888 0.280187
812.jpg,0,-
813.jpg,1,0 0.888553 0.658947 0.270138 0.167605 0.329166 1 0.883156 0.745668 0.441415 0.431211 0.880370
814.jpg,0,-
815.jpg,1,1 0.902299 0.760475 0.508959 0.475909 0.744951 0 0.889029 0.645960 0.276332 0.182216 0.198476 0 0.885569 0.105952 0.592973 0.093302 0.091430 0 0.880946 0.320360 0.635123 0.085135 0.084865 1 0.737421 0.347323 0.721876 0.173183 0.279976 1 0.519850 0.113982 0.686704 0.174543 0.310881 1 0.179746 0.242707 0.698507 0.412477 0.326619
816.jpg,0,1 0.905118 0.735998 0.537568 0.527448 0.419213
817.jpg,0,0 0.901533 0.524977 0.161906 0.175699 0.239782
818.jpg,0,0 0.902363 0.419489 0.222378 0.327622 0.396274
819.jpg,0,0 0.900018 0.492244 0.476773 0.622495 0.899076
82.jpg,1,0 0.891073 0.382743 0.254302 0.159370 0.286420 1 0.571158 0.367143 0.443333 0.286775 0.881383
820.jpg,0,0 0.900411 0.505851 0.132604 0.146105 0.189359
821.jpg,0,-
822.jpg,0,-
823.jpg,0,0 0.901603 0.466953 0.312066 0.416723 0.518304
824.jpg,1,1 0.906302 0.499237 0.628314 0.998475 0.742287 0 0.868845 0.272698 0.463508 0.372044 0.254062
825.jpg,0,1 0.897845 0.775059 0.799813 0.337908 0.204809 0 0.691261 0.719766 0.249069 0.094173 0.233901 0 0.684260 0.066707 0.156160 0.059728 0.122520 0 0.623238 0.316367 0.305503 0.047607 0.125838 0 0.360154 0.029159 0.388987 0.033985 0.102109
826.jpg,1,0 0.893953 0.388110 0.111272 0.135650 0.114962 1 0.240537 0.396205 0.213902 0.229622 0.425444
827.jpg,0,1 0.890372 0.391005 0.758448 0.089272 0.303878 0 0.877716 0.552831 0.265294 0.126758 0.308734
828.jpg,1,1 0.899866 0.708229 0.434265 0.371425 0.658981 0 0.885173 0.659354 0.354915 0.184149 0.271982
829.jpg,0,0 0.901920 0.428715 0.181272 0.236083 0.238743
83.jpg,1,0 0.855605 0.345207 0.406497 0.330878 0.417393 1 0.783164 0.481234 0.315064 0.727466 0.623206 1 0.453945 0.179373 0.822091 0.265692 0.355818
830.jpg,0,-
831.jpg,0,0 0.897511 0.518288 0.310073 0.306644 0.436549
832.jpg,0,-
833.jpg,1,0 0.777431 0.510354 0.130900 0.134594 0.107514 1 0.165483 0.484724 0.162668 0.251672 0.237865
834.jpg,0,-
835.jpg,1,1 0.897951 0.531360 0.480830 0.462704 0.820697 0 0.884789 0.531410 0.243194 0.187315 0.179403
836.jpg,0,-
837.jpg,1,0 0.884670 0.560832 0.378896 0.158100 0.161934 1 0.883229 0.610011 0.452795 0.373097 0.430412
838.jpg,1,1 0.902014 0.499365 0.426640 0.387314 0.531062 0 0.879703 0.437013 0.313378 0.166296 0.135895
839.jpg,0,0 0.901169 0.371834 0.195916 0.465258 0.340472 0 0.617583 0.911904 0.173304 0.175792 0.160938
84.jpg,0,-
840.jpg,0,0 0.905246 0.521977 0.321340 0.389630 0.502014
841.jpg,1,1 0.902220 0.589627 0.443896 0.289847 0.721464 0 0.890314 0.554463 0.311180 0.172407 0.229925
85.jpg,0,0 0.903021 0.440869 0.261907 0.403297 0.348258
86.jpg,0,1 0.894817 0.566003 0.498956 0.662478 0.614239
87.jpg,0,0 0.903996 0.764411 0.352869 0.440818 0.380958 1 0.843568 0.627047 0.737215 0.743514 0.517054
88.jpg,0,-
89.jpg,0,-
9.jpg,1,0 0.889339 0.468506 0.221399 0.142379 0.245412 1 0.867000 0.494504 0.353070 0.294554 0.679895
90.jpg,1,1 0.897859 0.404438 0.488439 0.738151 0.799721 0 0.890266 0.436671 0.284021 0.222705 0.225221
91.jpg,1,0 0.885551 0.438075 0.343257 0.340907 0.214855 1 0.751441 0.343468 0.419414 0.605260 0.509273
92.jpg,1,1 0.904496 0.284478 0.519231 0.568075 0.808018 0 0.877030 0.433027 0.304204 0.215845 0.181113
93.jpg,0,1 0.905088 0.216868 0.619603 0.431591 0.758779
94.jpg,0,-
95.jpg,0,1 0.903652 0.501548 0.551440 0.993263 0.895085 0 0.654918 0.093759 0.336705 0.034393 0.020273
96.jpg,0,-
97.jpg,0,-
98.jpg,0,-
99.jpg,0,-
